"Date","Price","Open","High","Low","Vol.","Change %"
"May 25, 2020","262.76","260.95","262.82","259.19","123.70K","1.21%"
"May 22, 2020","259.62","263.82","264.07","258.34","166.03M","-1.56%"
"May 21, 2020","263.74","264.52","264.85","263.07","159.48M","0.39%"
"May 20, 2020","262.72","260.48","263.25","260.48","140.30M","0.36%"
"May 19, 2020","261.79","261.12","262.34","259.96","253.33M","2.49%"
"May 18, 2020","255.44","254.55","256.31","252.95","223.00M","0.65%"
"May 15, 2020","253.79","255.34","255.49","252.02","228.90M","0.06%"
"May 14, 2020","253.65","253.26","254.39","252.09","167.64M","-0.86%"
"May 13, 2020","255.85","250.03","255.85","249.95","141.25M","0.98%"
"May 12, 2020","253.37","255.33","255.56","250.98","166.80M","-0.62%"
"May 11, 2020","254.95","257.67","258.87","254.59","144.30M","-0.65%"
"May 08, 2020","256.62","256.66","258.29","256.23","125.22M","0.85%"
"May 07, 2020","254.46","253.88","256.14","253.37","114.36M","-0.21%"
"May 06, 2020","255.00","253.76","255.01","251.26","133.28M","1.76%"
"May 04, 2020","250.60","252.44","253.70","250.34","174.04M","-2.92%"
"Apr 29, 2020","258.15","256.58","259.67","256.04","184.48M","0.69%"
"Apr 28, 2020","256.39","255.91","257.34","253.22","172.42M","0.61%"
"Apr 27, 2020","254.84","251.18","255.79","250.61","151.36M","1.82%"
"Apr 24, 2020","250.28","252.47","252.86","249.19","154.31M","-1.36%"
"Apr 23, 2020","253.74","253.42","255.22","251.58","163.81M","0.74%"
"Apr 22, 2020","251.88","246.16","252.18","244.56","184.50M","0.99%"
"Apr 21, 2020","249.40","250.26","251.88","245.11","257.16M","-1.09%"
"Apr 20, 2020","252.14","253.85","255.93","251.46","211.00M","-1.13%"
"Apr 17, 2020","255.02","252.52","257.37","252.38","287.36M","3.21%"
"Apr 16, 2020","247.10","244.99","247.87","243.61","197.54M","-0.14%"
"Apr 14, 2020","247.45","246.20","248.55","244.58","193.12M","1.66%"
"Apr 13, 2020","243.40","246.59","246.90","243.39","195.90M","-1.85%"
"Apr 10, 2020","248.00","245.14","248.21","244.02","286.11M","0.97%"
"Apr 09, 2020","245.61","246.13","246.46","243.11","175.94M","1.54%"
"Apr 08, 2020","241.89","243.71","246.99","241.77","173.12M","-1.22%"
"Apr 07, 2020","244.87","245.65","247.39","240.68","224.45M","1.69%"
"Apr 06, 2020","240.81","234.40","241.19","233.75","190.74M","3.93%"
"Apr 03, 2020","231.70","232.48","234.45","229.23","181.04M","-0.06%"
"Apr 02, 2020","231.84","227.47","232.22","223.60","181.79M","2.43%"
"Apr 01, 2020","226.35","234.23","237.52","226.34","228.58M","-4.42%"
"Mar 31, 2020","236.82","235.20","237.47","232.50","240.44M","1.88%"
"Mar 30, 2020","232.45","227.05","234.70","225.09","167.23M","-0.57%"
"Mar 27, 2020","233.79","239.11","239.48","227.01","249.10M","1.94%"
"Mar 26, 2020","229.34","231.91","236.61","229.22","290.84M","-1.52%"
"Mar 25, 2020","232.89","228.37","233.42","224.74","306.11M","5.70%"
"Mar 24, 2020","220.34","207.65","220.34","205.41","225.73M","9.15%"
"Mar 23, 2020","201.87","200.80","206.66","198.67","210.30M","-5.52%"
"Mar 20, 2020","213.67","204.84","214.08","200.54","269.35M","7.22%"
"Mar 19, 2020","199.28","220.72","220.85","196.27","303.56M","-7.67%"
"Mar 18, 2020","215.83","228.63","230.04","215.81","208.04M","-4.87%"
"Mar 17, 2020","226.89","222.94","234.56","222.46","216.73M","-2.61%"
"Mar 16, 2020","232.97","245.21","245.21","232.76","175.05M","-3.19%"
"Mar 13, 2020","240.65","231.71","246.19","227.36","298.90M","-2.81%"
"Mar 12, 2020","247.62","253.93","255.49","243.76","242.47M","-3.65%"
"Mar 11, 2020","257.01","264.63","265.04","255.69","194.21M","-2.89%"
"Mar 10, 2020","264.67","261.94","265.57","260.75","173.09M","0.59%"
"Mar 09, 2020","263.11","266.39","267.75","261.76","182.67M","-4.36%"
"Mar 06, 2020","275.10","276.74","278.31","274.00","140.90M","-2.23%"
"Mar 05, 2020","281.38","280.66","282.05","277.91","147.44M","1.17%"
"Mar 04, 2020","278.13","270.13","278.90","270.13","208.46M","2.42%"
"Mar 03, 2020","271.56","277.44","277.54","270.79","146.72M","0.44%"
"Mar 02, 2020","270.37","269.59","272.60","265.70","163.72M","0.88%"
"Feb 28, 2020","268.02","272.33","273.98","267.23","202.61M","-3.27%"
"Feb 27, 2020","277.09","279.46","281.09","276.07","110.50M","-1.02%"
"Feb 26, 2020","279.94","278.45","281.98","277.68","119.55M","-1.51%"
"Feb 25, 2020","284.24","280.48","284.63","279.77","117.03M","1.15%"
"Feb 24, 2020","281.02","285.51","286.62","281.02","132.82M","-3.90%"
"Feb 21, 2020","292.42","292.16","295.24","291.96","100.71M","-1.43%"
"Feb 20, 2020","296.65","300.34","301.35","295.01","90.01M","-0.56%"
"Feb 19, 2020","298.33","299.68","300.38","295.53","84.26M","0.20%"
"Feb 18, 2020","297.74","300.26","301.29","297.20","84.75M","-1.66%"
"Feb 17, 2020","302.76","302.84","304.05","300.99","84.28M","-0.08%"
"Feb 14, 2020","303.01","300.95","304.20","299.18","80.53M","0.69%"
"Feb 13, 2020","300.93","302.79","304.43","300.48","115.07M","-0.20%"
"Feb 12, 2020","301.54","299.83","302.20","298.09","110.63M","0.76%"
"Feb 11, 2020","299.28","297.91","301.10","297.48","78.35M","1.03%"
"Feb 10, 2020","296.24","294.07","296.73","293.33","72.22M","-0.66%"
"Feb 07, 2020","298.21","299.59","300.05","296.01","108.11M","-0.81%"
"Feb 06, 2020","300.65","294.74","300.98","294.32","110.22M","2.96%"
"Feb 05, 2020","292.02","293.57","294.26","290.30","102.64M","0.46%"
"Feb 04, 2020","290.68","285.19","291.38","285.11","105.45M","1.98%"
"Feb 03, 2020","285.05","280.17","286.24","279.78","111.06M","0.18%"
"Jan 31, 2020","284.53","290.24","291.47","284.53","101.46M","-1.33%"
"Jan 30, 2020","288.37","293.27","294.11","287.09","101.54M","-1.91%"
"Jan 29, 2020","293.98","294.38","295.67","292.45","85.73M","0.41%"
"Jan 28, 2020","292.77","294.98","296.30","291.30","130.17M","-3.16%"
"Jan 23, 2020","302.33","303.77","304.72","301.71","86.91M","-1.23%"
"Jan 22, 2020","306.08","301.79","306.52","301.16","79.33M","1.31%"
"Jan 21, 2020","302.11","304.94","306.09","301.85","67.63M","-1.14%"
"Jan 20, 2020","305.58","304.99","307.54","304.77","78.04M","0.75%"
"Jan 17, 2020","303.30","305.07","306.05","302.51","81.54M","0.17%"
"Jan 16, 2020","302.78","299.93","302.91","298.95","85.71M","1.01%"
"Jan 15, 2020","299.74","299.91","301.13","298.82","71.77M","-0.59%"
"Jan 14, 2020","301.53","302.20","303.61","300.69","92.12M","0.47%"
"Jan 13, 2020","300.13","296.62","300.31","296.53","81.68M","1.03%"
"Jan 10, 2020","297.06","294.80","297.17","294.17","94.16M","0.90%"
"Jan 09, 2020","294.41","293.83","294.41","292.10","111.79M","1.72%"
"Jan 08, 2020","289.42","288.94","291.01","287.30","124.53M","-0.62%"
"Jan 07, 2020","291.23","290.01","292.26","289.64","65.35M","0.97%"
"Jan 06, 2020","288.43","287.73","289.41","287.49","69.96M","-0.79%"
"Jan 03, 2020","290.74","293.10","294.88","289.04","79.77M","0.13%"
"Jan 02, 2020","290.35","294.19","294.57","289.96","66.16M","-1.16%"
"Dec 30, 2019","293.77","294.60","295.49","293.40","54.97M","-0.48%"
"Dec 27, 2019","295.20","292.37","296.95","291.28","77.51M","0.39%"
"Dec 26, 2019","294.06","293.12","294.07","291.79","68.48M","0.40%"
"Dec 24, 2019","292.90","295.18","295.25","292.47","60.61M","-0.67%"
"Dec 23, 2019","294.87","295.84","296.12","293.81","62.09M","-0.15%"
"Dec 20, 2019","295.31","295.58","295.86","293.95","75.97M","0.34%"
"Dec 19, 2019","294.31","295.06","295.84","292.82","70.19M","0.03%"
"Dec 18, 2019","294.22","294.31","295.85","293.05","76.91M","-0.06%"
"Dec 17, 2019","294.40","291.76","294.50","290.52","94.37M","1.60%"
"Dec 16, 2019","289.76","289.54","290.80","289.36","73.74M","-0.12%"
"Dec 13, 2019","290.11","289.34","290.11","288.32","99.62M","1.75%"
"Dec 12, 2019","285.11","282.62","285.43","282.62","133.65M","1.72%"
"Dec 11, 2019","280.28","279.19","281.03","278.45","66.85M","0.35%"
"Dec 10, 2019","279.31","276.80","279.75","276.62","56.67M","0.46%"
"Dec 09, 2019","278.03","278.31","278.75","277.02","70.52M","0.53%"
"Dec 06, 2019","276.56","275.19","277.00","274.75","70.11M","1.19%"
"Dec 05, 2019","273.30","275.65","276.63","272.53","66.51M","-0.31%"
"Dec 04, 2019","274.15","274.36","274.68","272.53","81.92M","-0.74%"
"Dec 03, 2019","276.19","274.93","276.63","273.88","67.28M","-0.45%"
"Dec 02, 2019","277.44","278.27","279.44","276.97","66.61M","0.24%"
"Nov 29, 2019","276.78","282.08","282.10","276.34","74.60M","-1.58%"
"Nov 28, 2019","281.23","281.23","282.80","281.05","61.62M","-0.57%"
"Nov 27, 2019","282.85","283.56","284.02","281.27","60.90M","0.36%"
"Nov 26, 2019","281.83","283.09","284.87","281.77","119.52M","-0.13%"
"Nov 25, 2019","282.19","281.77","283.53","281.48","64.51M","0.99%"
"Nov 22, 2019","279.43","278.57","279.89","278.14","74.35M","0.41%"
"Nov 21, 2019","278.28","281.89","282.33","276.98","81.75M","-1.39%"
"Nov 20, 2019","282.21","284.27","285.29","282.00","73.55M","-1.40%"
"Nov 19, 2019","286.23","285.74","286.34","283.73","68.17M","-0.33%"
"Nov 18, 2019","287.18","287.10","287.78","285.94","56.11M","-0.04%"
"Nov 15, 2019","287.29","283.85","287.72","283.30","71.65M","1.18%"
"Nov 14, 2019","283.93","281.90","283.93","281.10","79.76M","0.94%"
"Nov 13, 2019","281.28","282.28","282.49","280.62","60.13M","-0.84%"
"Nov 12, 2019","283.65","281.90","283.65","280.79","65.57M","1.00%"
"Nov 11, 2019","280.85","283.30","283.30","280.40","61.56M","-0.81%"
"Nov 08, 2019","283.13","285.81","286.12","282.57","73.68M","-0.44%"
"Nov 07, 2019","284.37","284.04","284.82","283.05","70.72M","-0.05%"
"Nov 06, 2019","284.52","284.31","286.43","283.70","77.95M","0.05%"
"Nov 05, 2019","284.38","282.99","284.46","282.27","76.36M","0.65%"
"Nov 04, 2019","282.54","279.90","282.77","279.90","77.00M","1.48%"
"Nov 01, 2019","278.43","276.17","278.55","275.59","58.54M","0.95%"
"Oct 31, 2019","275.82","276.84","279.04","275.82","78.34M","0.11%"
"Oct 30, 2019","275.51","277.49","277.49","274.95","72.53M","-0.73%"
"Oct 29, 2019","277.55","279.25","279.49","276.81","57.15M","-0.08%"
"Oct 28, 2019","277.78","278.16","279.42","277.29","59.07M","0.26%"
"Oct 25, 2019","277.07","277.60","277.67","275.70","58.28M","0.13%"
"Oct 24, 2019","276.70","277.70","277.84","274.31","73.68M","0.17%"
"Oct 23, 2019","276.23","276.83","277.29","275.34","65.29M","-0.43%"
"Oct 22, 2019","277.41","275.40","278.19","274.93","63.88M","1.32%"
"Oct 21, 2019","273.79","273.87","274.10","272.67","45.39M","0.36%"
"Oct 18, 2019","272.81","275.99","277.06","272.28","71.47M","-1.00%"
"Oct 17, 2019","275.57","275.92","276.68","274.62","53.87M","-0.27%"
"Oct 16, 2019","276.32","276.26","277.59","275.24","65.38M","0.72%"
"Oct 15, 2019","274.34","273.85","275.09","273.83","53.05M","0.04%"
"Oct 14, 2019","274.23","274.71","275.75","273.97","71.05M","1.08%"
"Oct 11, 2019","271.30","271.68","272.68","270.58","59.64M","0.93%"
"Oct 10, 2019","268.80","268.79","270.78","266.23","98.18M","-0.94%"
"Oct 08, 2019","271.36","268.90","271.51","267.97","75.08M","1.38%"
"Oct 07, 2019","267.67","269.12","269.75","266.83","53.57M","0.10%"
"Oct 04, 2019","267.39","268.14","270.16","267.39","62.88M","-0.43%"
"Oct 02, 2019","268.55","272.39","272.42","268.55","66.21M","-2.14%"
"Oct 01, 2019","274.42","273.43","275.38","272.81","52.63M","0.32%"
"Sep 30, 2019","273.55","270.61","273.85","270.06","54.69M","0.82%"
"Sep 27, 2019","271.33","273.32","273.40","270.52","57.74M","-1.30%"
"Sep 26, 2019","274.89","275.61","276.38","273.50","89.59M","0.17%"
"Sep 25, 2019","274.42","276.67","277.04","274.12","70.84M","-1.28%"
"Sep 24, 2019","277.97","276.41","278.17","275.55","68.27M","0.48%"
"Sep 23, 2019","276.65","275.86","277.11","275.64","60.19M","0.08%"
"Sep 20, 2019","276.44","275.01","276.67","274.46","74.03M","0.55%"
"Sep 19, 2019","274.92","273.11","276.15","273.03","70.50M","0.68%"
"Sep 18, 2019","273.06","271.88","273.72","271.04","67.60M","0.51%"
"Sep 17, 2019","271.68","271.46","272.26","270.90","73.74M","-0.12%"
"Sep 16, 2019","272.02","271.48","272.03","269.59","103.34M","0.44%"
"Sep 11, 2019","270.84","270.35","271.35","269.58","103.90M","0.77%"
"Sep 10, 2019","268.76","267.96","269.13","267.35","66.34M","0.51%"
"Sep 09, 2019","267.40","266.11","268.67","265.92","62.21M","0.70%"
"Sep 06, 2019","265.53","266.20","266.36","264.74","59.20M","0.41%"
"Sep 05, 2019","264.44","262.53","266.00","262.27","88.99M","1.05%"
"Sep 04, 2019","261.69","257.89","261.69","257.76","69.29M","1.33%"
"Sep 03, 2019","258.25","258.55","259.67","257.40","64.32M","-0.32%"
"Sep 02, 2019","259.08","258.25","259.74","257.80","54.89M","0.03%"
"Aug 30, 2019","259.00","256.85","259.61","256.72","94.16M","1.84%"
"Aug 29, 2019","254.31","255.68","256.28","253.60","64.85M","-0.48%"
"Aug 28, 2019","255.53","254.20","255.98","253.65","58.34M","0.80%"
"Aug 27, 2019","253.50","253.74","254.96","252.53","93.38M","0.52%"
"Aug 26, 2019","252.19","251.80","253.14","250.99","62.61M","-1.53%"
"Aug 23, 2019","256.11","255.11","256.88","254.91","54.78M","-0.07%"
"Aug 22, 2019","256.28","258.53","258.73","256.25","67.25M","-0.81%"
"Aug 21, 2019","258.38","257.15","259.49","257.11","65.48M","0.13%"
"Aug 20, 2019","258.05","255.53","258.62","254.74","81.69M","1.15%"
"Aug 19, 2019","255.11","255.20","255.84","254.25","66.02M","0.48%"
"Aug 16, 2019","253.90","252.76","253.94","251.46","71.83M","-0.38%"
"Aug 14, 2019","254.86","255.84","256.82","254.59","82.24M","0.80%"
"Aug 13, 2019","252.83","253.50","254.58","252.63","76.82M","-0.99%"
"Aug 12, 2019","255.35","255.57","256.43","254.43","69.38M","0.20%"
"Aug 09, 2019","254.85","255.13","256.15","254.41","117.69M","0.97%"
"Aug 08, 2019","252.40","254.11","255.33","252.37","163.71M","0.16%"
"Aug 07, 2019","252.00","254.46","254.90","251.08","90.74M","-0.56%"
"Aug 06, 2019","253.41","250.85","257.04","250.24","123.17M","-1.47%"
"Aug 05, 2019","257.19","261.10","261.40","256.76","131.04M","-2.21%"
"Aug 02, 2019","262.99","262.61","263.94","261.75","99.66M","-1.03%"
"Aug 01, 2019","265.73","264.97","267.44","264.47","72.58M","-0.23%"
"Jul 31, 2019","266.34","268.46","269.14","265.00","96.24M","-0.97%"
"Jul 30, 2019","268.95","268.69","269.79","268.33","64.53M","0.45%"
"Jul 29, 2019","267.75","271.21","271.91","267.07","78.75M","-1.65%"
"Jul 26, 2019","272.25","271.41","272.56","270.57","89.84M","-0.29%"
"Jul 25, 2019","273.04","274.08","274.62","271.25","95.65M","-0.07%"
"Jul 24, 2019","273.22","275.12","276.48","272.91","84.29M","-0.98%"
"Jul 23, 2019","275.92","274.93","276.56","274.84","95.08M","0.50%"
"Jul 22, 2019","274.55","273.90","275.35","273.57","60.91M","0.00%"
"Jul 19, 2019","274.55","272.71","274.95","272.21","87.94M","1.43%"
"Jul 18, 2019","270.67","271.05","271.63","269.73","80.14M","-0.30%"
"Jul 17, 2019","271.48","272.13","272.28","270.29","117.95M","-0.94%"
"Jul 16, 2019","274.05","272.79","274.54","272.14","137.05M","0.52%"
"Jul 15, 2019","272.64","272.06","273.38","270.99","83.61M","-0.01%"
"Jul 12, 2019","272.68","272.21","273.23","271.28","55.66M","0.33%"
"Jul 11, 2019","271.78","270.58","272.97","270.46","107.37M","1.13%"
"Jul 10, 2019","268.75","269.29","270.33","268.60","67.51M","0.38%"
"Jul 09, 2019","267.72","269.60","270.22","267.72","71.88M","-0.31%"
"Jul 08, 2019","268.55","271.38","271.67","268.38","75.10M","-2.11%"
"Jul 05, 2019","274.35","274.74","275.23","272.41","60.02M","-0.07%"
"Jul 04, 2019","274.54","273.18","274.61","271.93","77.52M","0.80%"
"Jul 03, 2019","272.37","275.57","276.69","271.90","97.52M","-1.30%"
"Jul 02, 2019","275.97","276.06","277.46","274.63","65.54M","-0.47%"
"Jul 01, 2019","277.27","279.59","279.68","276.85","74.36M","-0.08%"
"Jun 28, 2019","277.50","278.03","278.56","276.58","67.60M","-0.09%"
"Jun 27, 2019","277.75","275.47","278.63","275.09","66.30M","0.81%"
"Jun 26, 2019","275.53","275.21","276.36","274.66","58.82M","0.09%"
"Jun 25, 2019","275.28","275.33","277.02","274.19","60.51M","-0.11%"
"Jun 24, 2019","275.58","275.91","276.73","275.13","55.54M","0.04%"
"Jun 21, 2019","275.48","276.17","276.26","274.60","77.28M","-0.19%"
"Jun 20, 2019","276.01","274.63","276.09","274.43","55.34M","0.25%"
"Jun 19, 2019","275.31","274.40","275.60","274.08","69.73M","1.46%"
"Jun 18, 2019","271.36","269.77","271.87","269.77","65.72M","0.47%"
"Jun 17, 2019","270.09","269.83","271.59","269.14","57.06M","-0.14%"
"Jun 14, 2019","270.48","270.19","271.55","268.96","66.71M","-0.24%"
"Jun 13, 2019","271.13","271.96","272.46","268.38","95.80M","-0.59%"
"Jun 12, 2019","272.74","273.14","274.32","272.00","66.92M","-0.17%"
"Jun 11, 2019","273.21","271.48","273.69","271.24","61.24M","0.41%"
"Jun 10, 2019","272.10","270.32","272.20","268.68","60.89M","1.43%"
"Jun 07, 2019","268.27","267.97","269.63","266.27","67.97M","0.10%"
"Jun 05, 2019","267.99","270.10","270.46","267.46","67.51M","0.12%"
"Jun 04, 2019","267.66","267.84","268.47","266.72","70.29M","-0.19%"
"Jun 03, 2019","268.16","262.68","268.55","262.33","83.61M","1.62%"
"May 31, 2019","263.89","262.48","265.21","261.53","77.79M","-0.02%"
"May 30, 2019","263.93","261.58","264.23","261.58","70.34M","0.98%"
"May 29, 2019","261.37","264.10","264.10","260.22","82.79M","-1.26%"
"May 28, 2019","264.70","264.38","266.16","263.27","147.26M","0.11%"
"May 27, 2019","264.40","264.18","265.85","263.17","53.14M","-0.01%"
"May 24, 2019","264.42","264.70","266.11","263.10","67.23M","-0.74%"
"May 23, 2019","266.38","266.40","267.12","264.50","71.66M","-0.10%"
"May 22, 2019","266.65","267.01","267.60","263.95","61.66M","0.20%"
"May 21, 2019","266.12","265.25","268.55","264.79","81.02M","0.44%"
"May 20, 2019","264.96","265.90","267.65","264.33","64.23M","0.23%"
"May 17, 2019","264.35","267.85","268.06","263.94","75.10M","-0.62%"
"May 16, 2019","265.99","269.83","269.96","265.24","75.96M","-1.35%"
"May 15, 2019","269.64","268.42","271.00","267.62","77.02M","0.40%"
"May 14, 2019","268.57","266.03","270.42","265.55","82.19M","-0.06%"
"May 13, 2019","268.72","269.80","271.54","268.55","66.87M","-1.23%"
"May 10, 2019","272.06","273.37","274.32","269.71","89.44M","0.39%"
"May 09, 2019","271.00","278.83","279.63","271.00","124.01M","-3.27%"
"May 08, 2019","280.15","277.85","281.84","277.84","75.00M","-0.41%"
"May 07, 2019","281.31","280.89","281.66","278.95","97.72M","-0.83%"
"May 03, 2019","283.67","285.64","285.95","283.14","67.79M","-0.86%"
"May 02, 2019","286.12","283.37","286.87","283.14","84.18M","0.42%"
"Apr 30, 2019","284.92","286.25","286.59","282.61","77.99M","-0.65%"
"Apr 29, 2019","286.79","282.00","286.79","281.81","66.98M","1.94%"
"Apr 26, 2019","281.34","280.86","282.47","279.70","76.72M","-0.53%"
"Apr 25, 2019","282.83","282.80","284.22","281.90","74.58M","-0.31%"
"Apr 24, 2019","283.70","287.82","287.82","281.96","88.61M","-0.97%"
"Apr 23, 2019","286.47","285.85","286.83","285.42","67.38M","0.21%"
"Apr 22, 2019","285.87","286.06","287.59","284.52","55.19M","-0.01%"
"Apr 19, 2019","285.89","287.18","287.48","285.72","63.87M","0.02%"
"Apr 18, 2019","285.82","290.88","291.15","285.38","89.65M","-1.55%"
"Apr 17, 2019","290.33","290.68","291.21","289.84","72.67M","-0.10%"
"Apr 16, 2019","290.62","289.18","290.76","288.77","96.13M","0.43%"
"Apr 15, 2019","289.38","289.54","290.74","289.12","80.43M","0.35%"
"Apr 12, 2019","288.37","286.89","288.62","285.83","69.06M","0.33%"
"Apr 11, 2019","287.42","288.33","288.71","286.38","84.68M","-0.17%"
"Apr 10, 2019","287.92","285.44","288.01","285.10","75.08M","0.42%"
"Apr 09, 2019","286.71","286.51","288.02","285.38","66.23M","0.12%"
"Apr 08, 2019","286.38","287.78","287.83","285.09","64.57M","-0.10%"
"Apr 05, 2019","286.68","286.03","287.53","285.93","64.89M","0.19%"
"Apr 04, 2019","286.15","285.29","287.75","284.97","73.80M","0.18%"
"Apr 03, 2019","285.65","281.88","285.65","281.22","91.59M","1.39%"
"Apr 02, 2019","281.72","281.67","282.47","281.00","72.18M","0.50%"
"Apr 01, 2019","280.32","278.41","280.93","278.41","76.67M","1.39%"
"Mar 29, 2019","276.48","276.33","277.01","274.32","82.28M","0.51%"
"Mar 28, 2019","275.08","275.02","276.20","273.90","66.92M","-0.79%"
"Mar 27, 2019","277.28","277.01","278.16","274.87","67.77M","-0.12%"
"Mar 26, 2019","277.60","278.43","278.49","276.91","65.75M","0.05%"
"Mar 25, 2019","277.45","279.12","279.21","277.19","77.32M","-2.01%"
"Mar 22, 2019","283.13","283.92","284.55","282.09","117.73M","0.27%"
"Mar 21, 2019","282.38","281.14","284.39","280.63","97.09M","0.88%"
"Mar 20, 2019","279.92","278.84","280.07","276.34","61.17M","0.04%"
"Mar 19, 2019","279.82","280.30","280.40","278.63","55.39M","-0.04%"
"Mar 18, 2019","279.93","280.27","280.77","278.92","60.90M","0.02%"
"Mar 15, 2019","279.87","276.42","280.50","276.31","123.13M","1.17%"
"Mar 14, 2019","276.64","276.79","277.40","274.78","95.82M","0.23%"
"Mar 13, 2019","276.00","276.92","277.12","274.04","61.49M","-0.62%"
"Mar 12, 2019","277.73","277.41","278.48","276.94","63.96M","0.97%"
"Mar 11, 2019","275.06","275.50","276.28","273.88","64.83M","0.08%"
"Mar 08, 2019","274.84","277.18","278.00","274.84","71.64M","-1.45%"
"Mar 07, 2019","278.87","279.33","280.98","277.44","78.64M","-0.35%"
"Mar 06, 2019","279.85","280.09","280.26","278.72","75.23M","-0.21%"
"Mar 05, 2019","280.45","281.42","281.89","279.53","78.81M","-0.73%"
"Mar 04, 2019","282.51","286.12","286.68","282.16","107.55M","-0.45%"
"Feb 28, 2019","283.80","288.13","288.62","283.80","129.09M","-1.72%"
"Feb 27, 2019","288.76","288.90","289.41","288.09","72.74M","0.30%"
"Feb 26, 2019","287.89","288.52","289.20","287.06","81.33M","-0.38%"
"Feb 25, 2019","289.00","290.19","290.32","287.84","73.42M","0.09%"
"Feb 22, 2019","288.74","287.29","288.74","286.54","70.34M","0.11%"
"Feb 21, 2019","288.41","287.43","289.28","286.05","88.24M","0.00%"
"Feb 20, 2019","288.40","286.55","289.22","286.21","88.58M","1.22%"
"Feb 19, 2019","284.91","285.36","286.12","283.16","62.75M","-0.35%"
"Feb 18, 2019","285.90","285.60","287.02","284.64","73.48M","0.68%"
"Feb 15, 2019","283.98","286.42","286.42","282.81","77.19M","-1.63%"
"Feb 14, 2019","288.68","284.25","288.68","282.91","112.39M","1.30%"
"Feb 13, 2019","284.97","285.09","285.59","284.13","93.29M","0.45%"
"Feb 12, 2019","283.69","282.12","284.32","281.43","92.11M","0.56%"
"Feb 11, 2019","282.10","281.75","282.19","280.02","79.97M","0.22%"
"Feb 08, 2019","281.49","283.85","284.01","280.95","88.71M","-1.46%"
"Feb 07, 2019","285.65","287.54","287.67","284.97","100.69M","-0.05%"
"Feb 01, 2019","285.79","287.07","288.34","285.43","114.63M","-0.03%"
"Jan 31, 2019","285.89","288.85","288.87","285.89","153.50M","-0.25%"
"Jan 30, 2019","286.62","282.86","286.63","282.24","134.73M","1.28%"
"Jan 29, 2019","283.00","281.12","283.00","279.65","130.94M","0.48%"
"Jan 28, 2019","281.64","282.56","283.46","280.47","95.97M","-0.01%"
"Jan 25, 2019","281.67","277.30","281.72","277.04","115.51M","1.83%"
"Jan 24, 2019","276.61","274.10","276.64","273.74","132.86M","1.00%"
"Jan 23, 2019","273.87","271.35","274.51","271.03","99.96M","0.43%"
"Jan 22, 2019","272.71","274.08","274.60","271.45","68.87M","-0.47%"
"Jan 21, 2019","274.00","274.99","275.14","272.29","86.55M","0.04%"
"Jan 18, 2019","273.88","273.02","273.95","272.56","78.97M","0.74%"
"Jan 17, 2019","271.88","271.66","273.05","270.81","86.75M","0.24%"
"Jan 16, 2019","271.23","269.96","271.28","269.05","100.50M","0.48%"
"Jan 15, 2019","269.93","265.62","270.02","265.37","87.17M","1.86%"
"Jan 14, 2019","264.99","266.22","266.70","264.23","74.93M","-0.80%"
"Jan 11, 2019","267.13","266.58","267.58","265.56","81.08M","0.59%"
"Jan 10, 2019","265.55","265.73","266.85","264.61","99.83M","-0.02%"
"Jan 09, 2019","265.60","260.95","266.05","260.87","98.75M","2.29%"
"Jan 08, 2019","259.65","261.29","262.43","259.39","86.91M","-0.73%"
"Jan 07, 2019","261.57","261.11","263.13","260.76","92.32M","1.43%"
"Jan 04, 2019","257.89","255.62","258.12","254.55","91.20M","0.83%"
"Jan 03, 2019","255.77","258.19","258.70","255.35","90.52M","-0.95%"
"Jan 02, 2019","258.23","263.35","263.77","257.47","69.95M","-1.43%"
"Dec 28, 2018","261.98","261.61","262.85","261.27","62.70M","0.54%"
"Dec 27, 2018","260.57","261.53","261.71","259.73","84.46M","-0.16%"
"Dec 26, 2018","260.98","261.09","262.49","259.35","92.49M","-1.31%"
"Dec 24, 2018","264.45","263.51","265.09","262.96","61.96M","-0.23%"
"Dec 21, 2018","265.06","263.66","265.06","263.15","92.60M","0.09%"
"Dec 20, 2018","264.81","265.13","266.34","263.12","81.34M","-0.94%"
"Dec 19, 2018","267.31","266.02","267.55","265.26","81.75M","0.80%"
"Dec 18, 2018","265.18","264.42","266.83","263.93","90.33M","-0.43%"
"Dec 17, 2018","266.33","265.81","267.19","265.41","71.45M","0.29%"
"Dec 14, 2018","265.55","269.69","269.69","264.44","99.73M","-1.43%"
"Dec 13, 2018","269.41","269.07","271.06","268.22","145.06M","0.35%"
"Dec 12, 2018","268.47","266.00","268.84","265.55","83.69M","1.43%"
"Dec 11, 2018","264.69","265.87","265.99","263.87","70.04M","-0.25%"
"Dec 10, 2018","265.35","264.55","266.20","263.63","77.30M","-1.09%"
"Dec 07, 2018","268.28","268.97","269.66","267.03","68.45M","0.41%"
"Dec 06, 2018","267.18","270.18","270.18","266.61","86.09M","-1.59%"
"Dec 05, 2018","271.49","269.53","272.38","269.47","75.64M","-0.66%"
"Dec 04, 2018","273.29","275.08","275.72","272.03","80.80M","-1.05%"
"Dec 03, 2018","276.18","275.70","276.98","273.59","89.07M","1.78%"
"Nov 30, 2018","271.35","274.53","275.51","270.88","137.53M","-1.02%"
"Nov 29, 2018","274.16","277.08","277.54","273.40","80.65M","0.26%"
"Nov 28, 2018","273.45","272.64","273.53","271.35","79.83M","0.50%"
"Nov 27, 2018","272.08","270.90","272.47","269.27","71.91M","0.85%"
"Nov 26, 2018","269.79","266.43","269.95","266.41","75.65M","1.30%"
"Nov 23, 2018","266.33","268.12","268.54","264.86","58.35M","-0.53%"
"Nov 22, 2018","267.76","268.51","269.11","267.15","64.41M","-0.19%"
"Nov 21, 2018","268.27","265.96","268.49","264.95","81.84M","-0.49%"
"Nov 20, 2018","269.58","268.54","270.58","268.54","80.90M","-1.00%"
"Nov 19, 2018","272.31","272.01","274.05","270.83","75.01M","0.24%"
"Nov 16, 2018","271.65","272.95","273.52","271.06","74.60M","0.04%"
"Nov 15, 2018","271.54","267.93","271.69","267.68","74.36M","0.99%"
"Nov 14, 2018","268.88","269.58","270.01","267.75","87.33M","-0.30%"
"Nov 13, 2018","269.70","267.03","269.89","264.63","88.28M","-0.69%"
"Nov 12, 2018","271.57","268.66","272.27","268.64","78.00M","0.09%"
"Nov 09, 2018","271.33","272.25","273.57","270.85","80.92M","-0.29%"
"Nov 08, 2018","272.11","274.88","276.34","272.07","99.22M","0.61%"
"Nov 07, 2018","270.45","271.43","273.79","269.77","119.32M","-0.41%"
"Nov 06, 2018","271.57","271.01","272.01","268.57","77.83M","0.56%"
"Nov 05, 2018","270.07","270.22","270.45","266.67","81.49M","-0.91%"
"Nov 02, 2018","272.56","266.16","272.79","265.82","111.23M","3.65%"
"Nov 01, 2018","262.95","264.72","266.97","262.77","102.28M","-0.40%"
"Oct 31, 2018","264.01","263.55","264.14","261.03","107.85M","0.59%"
"Oct 30, 2018","262.47","259.15","264.74","259.06","122.39M","0.88%"
"Oct 29, 2018","260.19","262.82","265.29","259.84","109.74M","-0.95%"
"Oct 26, 2018","262.69","267.04","267.04","260.16","111.38M","-1.51%"
"Oct 25, 2018","266.72","264.46","267.09","262.97","120.41M","-1.71%"
"Oct 24, 2018","271.36","274.07","274.24","270.64","99.13M","-0.43%"
"Oct 23, 2018","272.54","277.31","277.57","270.72","88.69M","-2.46%"
"Oct 22, 2018","279.40","276.78","279.89","275.99","62.45M","0.28%"
"Oct 19, 2018","278.63","275.08","279.03","273.81","74.65M","0.41%"
"Oct 18, 2018","277.48","278.73","280.01","277.30","68.81M","-0.92%"
"Oct 17, 2018","280.05","280.07","281.99","279.10","75.39M","1.14%"
"Oct 16, 2018","276.90","278.73","279.52","276.22","60.61M","-0.10%"
"Oct 15, 2018","277.19","278.35","278.91","276.49","73.19M","-0.78%"
"Oct 12, 2018","279.37","275.82","281.26","275.43","101.67M","1.53%"
"Oct 11, 2018","275.15","281.52","282.65","275.15","144.52M","-4.41%"
"Oct 10, 2018","287.85","290.23","290.37","286.92","117.74M","-0.71%"
"Oct 08, 2018","289.91","290.02","292.29","289.91","69.77M","-0.47%"
"Oct 05, 2018","291.28","291.42","292.66","289.33","93.62M","-0.17%"
"Oct 04, 2018","291.78","296.42","296.42","291.26","107.33M","-1.60%"
"Oct 02, 2018","296.53","300.20","300.93","296.36","86.57M","-1.21%"
"Oct 01, 2018","300.17","301.55","301.97","299.30","77.26M","-0.11%"
"Sep 28, 2018","300.51","302.53","302.64","299.83","111.43M","-0.69%"
"Sep 27, 2018","302.59","299.54","302.60","299.54","120.50M","0.59%"
"Sep 21, 2018","300.81","299.84","300.81","298.90","124.34M","0.59%"
"Sep 20, 2018","299.04","297.47","300.45","297.12","97.94M","0.81%"
"Sep 19, 2018","296.64","297.63","297.72","295.50","94.20M","0.18%"
"Sep 18, 2018","296.10","293.06","296.51","293.03","77.06M","0.29%"
"Sep 17, 2018","295.23","296.70","296.74","294.14","64.92M","-0.69%"
"Sep 14, 2018","297.29","295.19","297.38","295.04","83.09M","1.67%"
"Sep 13, 2018","292.42","292.50","293.42","291.78","98.54M","0.02%"
"Sep 12, 2018","292.35","292.74","293.29","290.89","87.63M","-0.04%"
"Sep 11, 2018","292.46","293.42","294.75","291.49","83.41M","-0.42%"
"Sep 10, 2018","293.70","292.37","294.06","292.25","84.20M","0.29%"
"Sep 07, 2018","292.86","292.26","293.79","290.69","90.39M","-0.48%"
"Sep 06, 2018","294.28","294.23","295.82","293.62","79.88M","-0.23%"
"Sep 05, 2018","294.96","297.89","298.40","294.37","81.06M","-1.29%"
"Sep 04, 2018","298.80","297.72","299.20","296.86","64.65M","0.44%"
"Sep 03, 2018","297.49","299.15","299.28","296.85","64.70M","-0.86%"
"Aug 31, 2018","300.07","296.49","300.07","296.09","107.57M","0.68%"
"Aug 30, 2018","298.05","298.44","299.99","297.37","80.68M","0.00%"
"Aug 29, 2018","298.05","297.31","298.23","296.63","81.22M","0.28%"
"Aug 28, 2018","297.22","298.67","298.95","296.60","84.39M","0.13%"
"Aug 27, 2018","296.83","296.21","297.34","295.30","85.30M","0.44%"
"Aug 24, 2018","295.54","293.26","295.91","292.53","70.16M","0.42%"
"Aug 23, 2018","294.29","294.21","294.37","292.39","73.75M","0.44%"
"Aug 22, 2018","293.00","292.45","293.83","291.93","81.68M","0.37%"
"Aug 21, 2018","291.93","288.51","292.41","287.94","79.70M","1.15%"
"Aug 20, 2018","288.61","289.78","290.93","288.15","74.15M","0.01%"
"Aug 17, 2018","288.57","288.57","289.35","287.78","67.29M","0.11%"
"Aug 16, 2018","288.24","287.10","289.05","285.42","93.69M","-0.98%"
"Aug 14, 2018","291.08","290.03","291.64","289.61","75.90M","0.42%"
"Aug 13, 2018","289.85","291.21","292.09","288.11","94.72M","-1.29%"
"Aug 10, 2018","293.64","295.93","296.10","293.05","94.30M","-1.27%"
"Aug 09, 2018","297.41","297.23","297.41","295.61","87.04M","0.07%"
"Aug 08, 2018","297.19","297.97","298.46","296.78","76.31M","0.00%"
"Aug 07, 2018","297.18","295.79","297.38","294.37","70.32M","0.66%"
"Aug 06, 2018","295.24","295.79","297.37","294.78","70.15M","-0.13%"
"Aug 03, 2018","295.61","294.45","295.85","293.59","63.19M","0.70%"
"Aug 02, 2018","293.55","298.25","298.54","292.89","75.90M","-1.72%"
"Aug 01, 2018","298.69","298.32","299.96","298.06","70.93M","0.42%"
"Jul 31, 2018","297.45","297.01","297.79","296.14","71.87M","0.05%"
"Jul 30, 2018","297.29","297.01","298.00","295.99","66.42M","-0.16%"
"Jul 27, 2018","297.78","297.29","297.88","296.21","71.33M","0.28%"
"Jul 26, 2018","296.95","296.20","298.22","295.11","93.05M","0.71%"
"Jul 25, 2018","294.85","295.99","297.17","294.29","85.72M","-0.22%"
"Jul 24, 2018","295.49","294.92","296.05","293.28","99.97M","0.32%"
"Jul 23, 2018","294.56","296.81","296.81","293.80","87.89M","-0.80%"
"Jul 20, 2018","296.95","295.78","297.52","294.05","76.11M","0.35%"
"Jul 19, 2018","295.90","297.71","297.94","295.52","85.40M","-0.19%"
"Jul 18, 2018","296.47","299.20","300.24","296.08","78.88M","-0.14%"
"Jul 17, 2018","296.88","297.46","298.15","295.74","77.99M","-0.16%"
"Jul 16, 2018","297.37","298.71","299.56","297.06","69.36M","-0.43%"
"Jul 13, 2018","298.65","295.88","298.99","295.86","88.56M","1.44%"
"Jul 12, 2018","294.41","294.94","296.63","293.77","94.35M","-0.01%"
"Jul 11, 2018","294.43","293.80","295.27","291.77","102.40M","-0.59%"
"Jul 10, 2018","296.19","297.14","297.99","295.84","74.33M","0.34%"
"Jul 09, 2018","295.20","293.88","296.63","292.58","80.24M","0.71%"
"Jul 06, 2018","293.11","292.04","294.73","290.09","100.95M","0.51%"
"Jul 05, 2018","291.63","292.12","293.60","289.90","64.86M","-0.22%"
"Jul 04, 2018","292.26","293.54","294.63","291.87","67.01M","-0.37%"
"Jul 03, 2018","293.35","294.89","295.06","290.89","88.70M","0.14%"
"Jul 02, 2018","292.93","299.12","300.04","292.93","93.23M","-2.25%"
"Jun 29, 2018","299.66","299.37","300.28","295.97","91.79M","0.47%"
"Jun 28, 2018","298.26","299.91","300.83","297.72","88.46M","-1.32%"
"Jun 27, 2018","302.25","302.73","304.29","301.92","100.17M","-0.17%"
"Jun 26, 2018","302.76","300.30","303.83","299.50","95.03M","-0.20%"
"Jun 25, 2018","303.37","302.77","303.99","300.69","83.14M","-0.11%"
"Jun 22, 2018","303.69","298.81","303.72","298.71","92.74M","0.89%"
"Jun 21, 2018","301.02","304.06","305.04","301.02","101.20M","-0.99%"
"Jun 20, 2018","304.02","302.95","305.69","301.83","104.27M","0.89%"
"Jun 19, 2018","301.35","304.92","305.79","300.74","117.68M","-1.31%"
"Jun 18, 2018","305.35","308.73","308.95","303.77","121.13M","-1.09%"
"Jun 15, 2018","308.73","312.43","312.55","308.71","127.40M","-0.79%"
"Jun 14, 2018","311.20","314.60","314.82","311.03","147.74M","-1.78%"
"Jun 12, 2018","316.84","317.81","318.30","316.21","122.23M","-0.12%"
"Jun 11, 2018","317.22","315.24","317.35","314.24","103.06M","0.71%"
"Jun 08, 2018","314.97","316.94","317.25","314.53","103.10M","-0.85%"
"Jun 07, 2018","317.67","317.94","319.19","317.03","108.02M","0.60%"
"Jun 05, 2018","315.76","315.12","316.07","312.83","105.96M","0.29%"
"Jun 04, 2018","314.84","313.70","315.46","313.26","104.43M","0.52%"
"Jun 01, 2018","313.22","310.13","314.14","309.87","120.95M","0.74%"
"May 31, 2018","310.92","312.01","312.26","309.84","228.47M","0.54%"
"May 30, 2018","309.26","314.64","315.20","308.07","135.72M","-2.19%"
"May 29, 2018","316.20","318.70","319.40","316.18","117.36M","-0.87%"
"May 28, 2018","318.99","318.37","319.99","318.04","147.74M","0.30%"
"May 25, 2018","318.05","315.92","318.88","315.43","130.29M","0.18%"
"May 24, 2018","317.48","318.93","319.46","316.55","83.14M","-0.26%"
"May 23, 2018","318.31","316.45","319.04","316.01","122.35M","0.65%"
"May 21, 2018","316.25","315.74","317.19","313.45","96.77M","0.28%"
"May 18, 2018","315.37","315.50","315.80","314.46","83.89M","0.34%"
"May 17, 2018","314.29","317.33","317.77","314.29","107.63M","-0.53%"
"May 16, 2018","315.97","313.81","316.62","313.78","129.02M","0.33%"
"May 15, 2018","314.94","317.73","318.35","314.57","128.39M","-0.87%"
"May 14, 2018","317.72","318.93","319.50","317.09","141.54M","-0.25%"
"May 11, 2018","318.51","318.03","319.70","317.86","112.40M","0.38%"
"May 10, 2018","317.31","316.51","317.34","315.11","120.90M","0.92%"
"May 09, 2018","314.42","315.93","316.08","312.60","123.61M","-0.46%"
"May 08, 2018","315.87","317.79","319.53","314.95","141.25M","-0.28%"
"May 04, 2018","316.75","320.56","321.00","316.75","173.91M","-1.19%"
"May 03, 2018","320.55","322.83","322.95","320.55","117.28M","-0.61%"
"May 02, 2018","322.53","323.56","323.97","321.99","158.30M","-0.32%"
"Apr 30, 2018","323.56","321.93","323.58","321.66","139.57M","0.86%"
"Apr 27, 2018","320.80","321.39","322.93","319.43","92.19M","0.86%"
"Apr 26, 2018","318.08","315.55","319.06","314.95","91.04M","1.30%"
"Apr 25, 2018","313.99","313.09","314.43","312.10","82.18M","-0.59%"
"Apr 24, 2018","315.86","318.24","318.30","314.43","94.69M","-0.64%"
"Apr 23, 2018","317.89","317.32","318.28","316.50","108.89M","0.00%"
"Apr 20, 2018","317.89","318.60","319.39","317.29","104.39M","-0.70%"
"Apr 19, 2018","320.12","319.26","320.68","318.47","116.87M","0.46%"
"Apr 18, 2018","318.64","316.58","319.28","316.55","93.16M","1.27%"
"Apr 17, 2018","314.64","315.44","316.48","313.95","73.08M","-0.17%"
"Apr 16, 2018","315.17","316.45","316.53","314.14","69.23M","0.10%"
"Apr 13, 2018","314.86","314.42","315.71","313.77","92.86M","0.52%"
"Apr 12, 2018","313.22","313.92","314.69","312.99","95.16M","0.09%"
"Apr 11, 2018","312.94","314.83","315.45","312.44","108.37M","-0.32%"
"Apr 10, 2018","313.94","312.53","314.77","309.58","91.83M","0.16%"
"Apr 09, 2018","313.45","310.88","313.88","310.86","101.64M","0.59%"
"Apr 06, 2018","311.61","310.39","312.32","309.73","107.25M","-0.46%"
"Apr 05, 2018","313.04","311.12","314.53","310.30","103.60M","1.46%"
"Apr 04, 2018","308.54","314.21","314.21","308.33","139.80M","-1.54%"
"Apr 03, 2018","313.38","311.03","313.38","309.91","132.27M","-0.20%"
"Apr 02, 2018","314.00","315.56","317.07","313.62","85.96M","-0.19%"
"Mar 30, 2018","314.61","316.19","316.92","314.59","111.26M","0.25%"
"Mar 29, 2018","313.82","312.03","314.45","310.80","85.49M","0.64%"
"Mar 28, 2018","311.81","312.54","313.06","310.35","95.21M","-1.43%"
"Mar 27, 2018","316.34","317.22","317.39","315.24","86.17M","0.46%"
"Mar 26, 2018","314.89","311.93","314.89","309.85","82.45M","0.79%"
"Mar 23, 2018","312.42","316.60","317.13","311.78","102.46M","-3.37%"
"Mar 22, 2018","323.32","322.97","324.72","321.80","91.62M","0.53%"
"Mar 21, 2018","321.60","322.19","322.85","321.46","72.02M","-0.06%"
"Mar 20, 2018","321.79","317.79","321.80","317.66","65.02M","0.45%"
"Mar 19, 2018","320.35","322.57","322.80","319.72","73.05M","-0.78%"
"Mar 16, 2018","322.88","322.94","323.42","320.30","75.86M","0.04%"
"Mar 15, 2018","322.74","322.06","323.44","319.76","70.22M","0.23%"
"Mar 14, 2018","321.99","320.72","322.27","320.39","76.08M","-0.31%"
"Mar 13, 2018","322.98","320.98","322.98","320.37","96.76M","0.71%"
"Mar 12, 2018","320.70","321.32","321.86","319.69","93.55M","0.95%"
"Mar 09, 2018","317.67","316.06","320.47","314.87","108.41M","0.92%"
"Mar 08, 2018","314.78","313.62","314.78","311.04","92.59M","1.17%"
"Mar 07, 2018","311.14","311.57","314.11","309.11","97.31M","0.22%"
"Mar 06, 2018","310.46","308.15","310.65","306.95","87.81M","1.93%"
"Mar 05, 2018","304.58","308.39","308.79","304.46","66.49M","-1.22%"
"Mar 02, 2018","308.35","310.11","310.42","306.88","83.59M","-1.44%"
"Feb 28, 2018","312.86","315.89","317.42","312.75","94.90M","-1.25%"
"Feb 27, 2018","316.83","319.52","320.71","316.83","69.20M","-0.16%"
"Feb 26, 2018","317.34","318.49","318.60","316.12","86.35M","0.17%"
"Feb 23, 2018","316.81","313.89","316.81","313.89","74.33M","1.49%"
"Feb 22, 2018","312.17","312.72","313.49","311.13","65.20M","-0.73%"
"Feb 21, 2018","314.47","313.14","314.95","310.99","61.42M","0.52%"
"Feb 20, 2018","312.83","315.19","315.73","312.20","56.03M","-1.19%"
"Feb 19, 2018","316.61","318.42","318.80","314.51","70.08M","0.70%"
"Feb 14, 2018","314.40","313.33","315.53","312.81","69.23M","1.14%"
"Feb 13, 2018","310.87","310.45","314.15","309.23","86.76M","0.89%"
"Feb 12, 2018","308.13","306.91","309.65","305.17","84.61M","1.08%"
"Feb 09, 2018","304.83","303.54","306.34","303.47","103.31M","-2.18%"
"Feb 08, 2018","311.62","310.84","314.24","309.95","111.64M","0.37%"
"Feb 07, 2018","310.48","322.06","322.10","310.47","106.92M","-2.37%"
"Feb 06, 2018","318.01","316.62","319.15","312.62","126.68M","-1.63%"
"Feb 05, 2018","323.29","322.05","324.64","320.60","101.94M","-1.14%"
"Feb 02, 2018","327.01","332.69","332.69","326.30","100.57M","-1.90%"
"Feb 01, 2018","333.36","335.06","335.66","332.93","92.49M","-0.01%"
"Jan 31, 2018","333.38","332.38","338.48","331.65","113.80M","-0.01%"
"Jan 30, 2018","333.40","336.62","337.88","333.40","109.65M","-1.38%"
"Jan 29, 2018","338.05","337.28","339.27","337.05","121.23M","0.80%"
"Jan 26, 2018","335.38","333.75","335.38","332.51","112.87M","0.39%"
"Jan 25, 2018","334.08","330.67","334.50","330.60","124.68M","0.96%"
"Jan 24, 2018","330.91","330.37","332.44","329.86","89.71M","-0.01%"
"Jan 23, 2018","330.93","327.42","330.93","327.17","102.54M","1.43%"
"Jan 22, 2018","326.27","328.78","328.84","324.56","80.82M","-0.99%"
"Jan 19, 2018","329.52","329.81","330.55","328.51","94.69M","0.12%"
"Jan 18, 2018","329.13","331.03","331.88","328.77","94.90M","-0.02%"
"Jan 17, 2018","329.19","329.31","330.21","328.03","95.20M","-0.25%"
"Jan 16, 2018","330.02","327.44","330.50","326.65","107.82M","0.80%"
"Jan 15, 2018","327.39","328.57","328.94","326.21","98.45M","0.21%"
"Jan 12, 2018","326.72","327.34","327.50","324.22","143.38M","0.32%"
"Jan 11, 2018","325.67","326.92","327.98","325.07","120.94M","-0.59%"
"Jan 10, 2018","327.61","330.87","330.97","327.07","140.73M","-0.80%"
"Jan 09, 2018","330.25","330.67","332.70","328.53","100.98M","-0.31%"
"Jan 08, 2018","331.28","330.83","331.65","328.47","88.48M","0.70%"
"Jan 05, 2018","328.97","326.06","329.03","325.78","96.16M","1.35%"
"Jan 04, 2018","324.58","329.52","329.52","324.58","106.56M","-0.78%"
"Jan 03, 2018","327.13","327.13","328.37","326.56","109.85M","0.35%"
"Jan 02, 2018","326.00","325.73","326.45","324.30","70.74M","0.39%"
"Dec 28, 2017","324.74","320.63","324.74","320.34","68.94M","1.40%"
"Dec 27, 2017","320.25","318.18","320.25","316.90","74.28M","0.43%"
"Dec 26, 2017","318.89","322.14","323.43","318.89","87.52M","-0.72%"
"Dec 22, 2017","321.21","320.86","321.89","319.55","81.17M","0.47%"
"Dec 21, 2017","319.72","325.82","325.88","319.72","86.54M","-1.86%"
"Dec 20, 2017","325.79","326.20","327.51","325.55","66.25M","-0.30%"
"Dec 19, 2017","326.76","327.62","329.43","325.82","86.09M","0.05%"
"Dec 18, 2017","326.60","327.09","327.16","325.64","103.11M","0.11%"
"Dec 15, 2017","326.23","327.39","328.34","325.36","128.65M","0.46%"
"Dec 14, 2017","324.74","327.00","331.22","324.74","134.16M","-0.44%"
"Dec 13, 2017","326.18","324.14","326.58","323.13","90.54M","0.65%"
"Dec 12, 2017","324.07","325.15","325.26","323.27","91.13M","-0.31%"
"Dec 11, 2017","325.09","325.13","325.40","323.34","90.62M","0.13%"
"Dec 08, 2017","324.68","324.84","325.38","323.42","125.46M","0.34%"
"Dec 07, 2017","323.59","325.31","325.53","322.39","128.72M","-0.29%"
"Dec 06, 2017","324.52","329.48","329.51","324.52","129.65M","-1.54%"
"Dec 05, 2017","329.61","326.77","330.17","326.34","97.57M","0.26%"
"Dec 04, 2017","328.77","326.31","328.77","324.88","91.08M","1.23%"
"Dec 01, 2017","324.78","326.85","326.85","324.50","82.20M","-0.14%"
"Nov 30, 2017","325.25","328.45","329.55","324.82","121.25M","-1.64%"
"Nov 29, 2017","330.68","331.41","332.22","330.04","67.85M","-0.09%"
"Nov 28, 2017","330.99","330.19","331.58","328.51","93.03M","0.44%"
"Nov 27, 2017","329.53","335.24","335.61","329.47","91.21M","-1.76%"
"Nov 24, 2017","335.44","334.77","335.44","333.86","73.26M","0.28%"
"Nov 23, 2017","334.51","335.66","335.89","333.99","71.02M","-0.29%"
"Nov 22, 2017","335.49","335.93","337.05","334.62","114.42M","0.59%"
"Nov 21, 2017","333.51","333.78","334.92","332.70","123.28M","0.18%"
"Nov 20, 2017","332.92","334.43","335.18","332.26","76.77M","-0.38%"
"Nov 17, 2017","334.18","336.05","338.04","334.18","92.93M","-0.05%"
"Nov 16, 2017","334.36","332.75","334.92","331.84","82.13M","0.66%"
"Nov 15, 2017","332.17","333.39","333.60","331.36","112.56M","-0.43%"
"Nov 14, 2017","333.62","334.63","334.73","333.13","94.19M","-0.21%"
"Nov 13, 2017","334.33","336.63","337.34","333.73","91.51M","-0.49%"
"Nov 10, 2017","335.96","335.64","336.69","334.63","86.25M","-0.35%"
"Nov 09, 2017","337.14","338.55","338.59","334.99","108.97M","-0.20%"
"Nov 08, 2017","337.80","335.20","338.90","335.02","114.01M","0.31%"
"Nov 07, 2017","336.76","337.23","338.35","336.00","114.25M","-0.19%"
"Nov 06, 2017","337.40","338.66","339.01","334.53","77.98M","-0.42%"
"Nov 03, 2017","338.83","339.08","339.12","336.16","75.76M","0.39%"
"Nov 02, 2017","337.53","339.33","339.59","336.83","86.22M","-0.36%"
"Nov 01, 2017","338.76","335.67","338.76","335.60","93.84M","1.56%"
"Oct 31, 2017","333.57","330.05","334.40","329.66","97.63M","0.97%"
"Oct 30, 2017","330.38","331.72","331.72","329.62","90.39M","0.35%"
"Oct 27, 2017","329.23","327.50","329.75","326.62","90.50M","0.69%"
"Oct 26, 2017","326.99","328.63","329.65","326.99","99.45M","-0.70%"
"Oct 25, 2017","329.31","329.75","330.05","327.84","83.84M","0.11%"
"Oct 24, 2017","328.96","329.34","330.12","328.91","70.81M","-0.15%"
"Oct 23, 2017","329.45","330.24","330.55","328.50","75.01M","0.17%"
"Oct 20, 2017","328.89","327.08","328.89","327.02","99.62M","0.74%"
"Oct 19, 2017","326.47","328.67","329.34","326.04","90.04M","-0.59%"
"Oct 18, 2017","328.40","328.06","329.43","327.13","75.59M","-0.03%"
"Oct 17, 2017","328.51","328.69","329.21","327.84","76.86M","0.21%"
"Oct 16, 2017","327.82","328.57","329.42","326.99","85.19M","0.14%"
"Oct 13, 2017","327.35","327.70","328.44","326.65","100.70M","-0.23%"
"Oct 12, 2017","328.11","326.58","328.11","325.96","98.83M","0.61%"
"Oct 11, 2017","326.12","323.97","326.20","323.43","86.13M","1.13%"
"Oct 10, 2017","322.49","321.29","324.00","320.57","99.58M","1.97%"
"Sep 29, 2017","316.27","314.60","316.45","314.60","63.21M","0.77%"
"Sep 28, 2017","313.85","314.32","315.17","312.88","70.54M","0.01%"
"Sep 27, 2017","313.82","314.73","314.73","313.32","66.67M","-0.15%"
"Sep 26, 2017","314.29","314.96","315.68","313.68","85.81M","-0.67%"
"Sep 25, 2017","316.40","316.81","317.35","315.30","78.66M","-0.10%"
"Sep 22, 2017","316.71","318.06","319.15","315.47","91.11M","-0.48%"
"Sep 21, 2017","318.25","318.38","319.23","317.40","92.12M","-0.07%"
"Sep 20, 2017","318.48","319.10","320.40","317.19","93.16M","-0.01%"
"Sep 19, 2017","318.51","319.04","319.45","318.03","89.27M","-0.13%"
"Sep 18, 2017","318.93","314.31","318.93","314.17","77.35M","1.67%"
"Sep 15, 2017","313.69","311.19","313.69","310.82","92.79M","0.37%"
"Sep 14, 2017","312.52","310.82","312.52","309.75","132.26M","0.81%"
"Sep 13, 2017","310.00","311.16","312.24","309.76","86.74M","-0.14%"
"Sep 12, 2017","310.42","311.70","311.78","309.53","70.41M","0.19%"
"Sep 11, 2017","309.83","309.06","311.26","308.95","81.06M","0.78%"
"Sep 08, 2017","307.43","307.68","308.10","306.63","69.04M","0.15%"
"Sep 07, 2017","306.97","304.40","307.56","304.36","80.37M","1.25%"
"Sep 06, 2017","303.18","303.62","303.85","302.41","91.54M","-0.29%"
"Sep 05, 2017","304.06","305.64","305.66","303.06","75.19M","-0.04%"
"Sep 04, 2017","304.19","302.52","306.38","302.45","67.73M","-1.17%"
"Sep 01, 2017","307.78","308.85","309.43","306.82","75.66M","-0.16%"
"Aug 31, 2017","308.28","309.77","310.33","307.14","99.27M","-0.44%"
"Aug 30, 2017","309.65","309.08","309.65","308.45","59.53M","0.33%"
"Aug 29, 2017","308.64","307.46","308.64","304.24","65.55M","-0.29%"
"Aug 28, 2017","309.53","310.69","311.79","308.89","63.87M","-0.54%"
"Aug 25, 2017","311.21","311.56","312.16","310.24","73.86M","0.15%"
"Aug 24, 2017","310.73","310.14","311.73","309.72","72.20M","0.33%"
"Aug 23, 2017","309.71","311.02","311.52","308.85","62.66M","0.12%"
"Aug 22, 2017","309.34","308.66","309.93","308.50","63.19M","0.39%"
"Aug 21, 2017","308.14","309.09","309.09","307.56","62.87M","-0.08%"
"Aug 18, 2017","308.39","305.91","309.08","305.90","77.62M","-0.20%"
"Aug 17, 2017","309.02","307.85","309.58","307.16","99.26M","0.61%"
"Aug 16, 2017","307.16","308.27","308.66","306.59","89.40M","0.73%"
"Aug 14, 2017","304.93","304.99","305.84","303.75","68.09M","0.73%"
"Aug 11, 2017","302.72","303.37","304.96","301.32","96.75M","-1.83%"
"Aug 10, 2017","308.37","308.30","309.78","305.73","105.19M","-0.37%"
"Aug 09, 2017","309.52","311.20","312.34","309.18","73.81M","-1.24%"
"Aug 08, 2017","313.40","314.94","315.66","311.99","71.59M","-0.18%"
"Aug 07, 2017","313.96","314.34","315.75","313.24","68.36M","0.16%"
"Aug 04, 2017","313.46","312.80","314.14","311.89","79.35M","0.37%"
"Aug 03, 2017","312.29","316.95","317.02","310.22","112.32M","-1.70%"
"Aug 02, 2017","317.69","318.58","318.86","317.17","94.04M","0.21%"
"Aug 01, 2017","317.04","313.58","318.58","313.19","81.84M","0.78%"
"Jul 31, 2017","314.60","312.73","314.81","312.20","82.98M","0.15%"
"Jul 28, 2017","314.13","319.01","319.18","313.72","100.38M","-1.99%"
"Jul 27, 2017","320.51","320.63","321.46","319.51","75.49M","0.33%"
"Jul 26, 2017","319.46","320.86","320.90","318.68","96.65M","-0.22%"
"Jul 25, 2017","320.15","321.70","322.16","319.72","82.69M","-0.58%"
"Jul 24, 2017","322.01","321.74","322.01","320.82","71.71M","0.07%"
"Jul 21, 2017","321.79","320.17","322.01","320.00","81.10M","0.37%"
"Jul 20, 2017","320.61","319.68","320.99","318.67","81.10M","0.53%"
"Jul 19, 2017","318.91","319.15","319.15","317.52","77.08M","0.08%"
"Jul 18, 2017","318.65","318.38","318.66","317.59","80.89M","0.04%"
"Jul 17, 2017","318.52","319.22","319.45","317.86","74.54M","0.37%"
"Jul 14, 2017","317.35","317.70","318.29","316.81","103.19M","0.32%"
"Jul 13, 2017","316.35","315.46","318.40","315.03","94.92M","0.88%"
"Jul 12, 2017","313.58","313.50","314.30","313.21","89.12M","-0.00%"
"Jul 11, 2017","313.59","312.04","313.70","311.50","85.93M","0.68%"
"Jul 10, 2017","311.46","311.65","312.41","310.72","78.67M","0.26%"
"Jul 07, 2017","310.66","310.17","311.45","309.62","87.67M","-0.39%"
"Jul 06, 2017","311.88","312.17","312.50","310.76","73.59M","0.04%"
"Jul 05, 2017","311.77","309.87","312.10","309.64","68.31M","0.42%"
"Jul 04, 2017","310.46","312.42","312.82","309.78","89.18M","-0.62%"
"Jul 03, 2017","312.39","312.50","312.93","310.85","71.75M","0.20%"
"Jun 30, 2017","311.76","310.61","311.76","310.17","73.22M","-0.26%"
"Jun 29, 2017","312.56","312.86","313.79","312.26","103.11M","0.55%"
"Jun 28, 2017","310.84","310.71","312.03","310.47","94.92M","-0.41%"
"Jun 27, 2017","312.12","311.72","312.95","311.05","131.75M","0.07%"
"Jun 26, 2017","311.89","310.53","312.22","310.13","71.90M","0.53%"
"Jun 23, 2017","310.26","309.36","310.58","308.96","81.46M","0.26%"
"Jun 22, 2017","309.47","308.60","309.47","307.28","88.48M","0.63%"
"Jun 21, 2017","307.52","307.61","308.00","306.13","100.93M","-0.58%"
"Jun 20, 2017","309.31","310.55","310.63","308.72","122.39M","0.23%"
"Jun 19, 2017","308.61","307.14","309.29","306.19","87.80M","0.59%"
"Jun 16, 2017","306.79","306.97","307.40","305.82","87.84M","0.03%"
"Jun 15, 2017","306.69","308.02","308.83","305.04","95.41M","-0.41%"
"Jun 14, 2017","307.95","309.53","310.05","307.03","113.45M","-0.02%"
"Jun 13, 2017","308.02","306.25","308.29","306.25","94.39M","0.58%"
"Jun 12, 2017","306.24","307.74","308.31","305.59","95.85M","-1.01%"
"Jun 09, 2017","309.38","307.51","310.02","307.17","118.71M","1.02%"
"Jun 08, 2017","306.25","305.70","306.87","304.17","126.08M","0.19%"
"Jun 07, 2017","305.68","306.94","307.59","305.42","87.99M","-0.54%"
"Jun 05, 2017","307.33","308.52","308.59","306.79","76.12M","-0.16%"
"Jun 02, 2017","307.83","305.34","308.01","305.27","94.03M","1.25%"
"Jun 01, 2017","304.03","304.74","305.30","302.99","77.25M","-0.21%"
"May 31, 2017","304.67","303.79","306.18","303.64","114.68M","0.03%"
"May 30, 2017","304.59","306.89","306.99","303.11","94.12M","-0.63%"
"May 29, 2017","306.52","307.98","309.32","305.13","105.98M","-0.14%"
"May 26, 2017","306.96","305.41","308.51","305.07","98.10M","0.57%"
"May 25, 2017","305.22","302.83","305.34","302.18","100.09M","1.16%"
"May 24, 2017","301.71","302.32","302.79","301.23","111.99M","0.12%"
"May 23, 2017","301.36","301.44","303.70","300.41","76.65M","0.24%"
"May 22, 2017","300.63","299.76","300.70","298.98","71.07M","0.86%"
"May 19, 2017","298.08","298.26","299.10","297.44","74.78M","-0.13%"
"May 18, 2017","298.47","296.34","298.78","295.66","83.32M","-0.29%"
"May 17, 2017","299.34","299.02","299.95","297.90","77.84M","-0.11%"
"May 16, 2017","299.67","301.25","301.65","298.05","97.29M","0.27%"
"May 15, 2017","298.87","298.54","299.84","297.51","58.67M","0.21%"
"May 12, 2017","298.25","299.78","300.10","297.84","74.39M","-0.50%"
"May 11, 2017","299.75","297.25","300.22","296.35","111.19M","1.20%"
"May 10, 2017","296.19","299.81","304.26","295.53","128.10M","-1.22%"
"May 08, 2017","299.86","292.95","299.86","292.66","102.04M","2.53%"
"May 04, 2017","292.47","290.53","292.47","290.53","65.04M","0.97%"
"May 02, 2017","289.65","288.60","291.12","288.39","69.81M","0.85%"
"Apr 28, 2017","287.21","288.51","289.02","286.76","78.76M","-0.05%"
"Apr 27, 2017","287.34","285.80","287.76","285.52","83.54M","0.20%"
"Apr 26, 2017","286.78","286.04","287.22","285.79","84.11M","0.48%"